,model_a,model_b,model_c
unit_01,4.08,3.93,4.16
unit_02,3.68,3.5300000000000002,3.76
unit_03,4.98,4.83,5.06
unit_04,4.48,4.33,4.56
unit_05,3.7800000000000002,3.63,3.86
unit_06,4.78,4.63,4.86
unit_07,4.28,4.13,4.36
unit_08,5.18,5.03,5.26
